Code Domaine,Domaine,Code zone,Zone,Code Élément,Élément,Code Produit,Produit,Code année,Année,Unité,Valeur,Symbole,Description du Symbole,Note
"MK","Indicateurs macro","2","Afghanistan","6107","Valeur US$, aux prix de 2010","22014","Produit intérieur brut par habitant","2017","2017","","624.105029","Fc","Donnée calculée",""
"MK","Indicateurs macro","202","Afrique du Sud","6107","Valeur US$, aux prix de 2010","22014","Produit intérieur brut par habitant","2017","2017","","7525.51625","Fc","Donnée calculée",""
"MK","Indicateurs macro","3","Albanie","6107","Valeur US$, aux prix de 2010","22014","Produit intérieur brut par habitant","2017","2017","","4773.659501","Fc","Donnée calculée",""
"MK","Indicateurs macro","4","Algérie","6107","Valeur US$, aux prix de 2010","22014","Produit intérieur brut par habitant","2017","2017","","4806.918145","Fc","Donnée calculée",""
"MK","Indicateurs macro","79","Allemagne","6107","Valeur US$, aux prix de 2010","22014","Produit intérieur brut par habitant","2017","2017","","47298.378965","Fc","Donnée calculée",""
"MK","Indicateurs macro","6","Andorre","6107","Valeur US$, aux prix de 2010","22014","Produit intérieur brut par habitant","2017","2017","","43875.979579","Fc","Donnée calculée",""
"MK","Indicateurs macro","7","Angola","6107","Valeur US$, aux prix de 2010","22014","Produit intérieur brut par habitant","2017","2017","","3333.221118","Fc","Donnée calculée",""
"MK","Indicateurs macro","258","Anguilla","6107","Valeur US$, aux prix de 2010","22014","Produit intérieur brut par habitant","2017","2017","","17165.458251","Fc","Donnée calculée",""
"MK","Indicateurs macro","8","Antigua-et-Barbuda","6107","Valeur US$, aux prix de 2010","22014","Produit intérieur brut par habitant","2017","2017","","13548.157498","Fc","Donnée calculée",""
"MK","Indicateurs macro","194","Arabie saoudite","6107","Valeur US$, aux prix de 2010","22014","Produit intérieur brut par habitant","2017","2017","","20796.321062","Fc","Donnée calculée",""
"MK","Indicateurs macro","9","Argentine","6107","Valeur US$, aux prix de 2010","22014","Produit intérieur brut par habitant","2017","2017","","10468.29254","Fc","Donnée calculée",""
"MK","Indicateurs macro","1","Arménie","6107","Valeur US$, aux prix de 2010","22014","Produit intérieur brut par habitant","2017","2017","","4495.878816","Fc","Donnée calculée",""
"MK","Indicateurs macro","22","Aruba","6107","Valeur US$, aux prix de 2010","22014","Produit intérieur brut par habitant","2017","2017","","24532.512049","Fc","Donnée calculée",""
"MK","Indicateurs macro","10","Australie","6107","Valeur US$, aux prix de 2010","22014","Produit intérieur brut par habitant","2017","2017","","64097.697206","Fc","Donnée calculée",""
"MK","Indicateurs macro","11","Autriche","6107","Valeur US$, aux prix de 2010","22014","Produit intérieur brut par habitant","2017","2017","","49539.937672","Fc","Donnée calculée",""
"MK","Indicateurs macro","52","Azerbaïdjan","6107","Valeur US$, aux prix de 2010","22014","Produit intérieur brut par habitant","2017","2017","","5777.850045","Fc","Donnée calculée",""
"MK","Indicateurs macro","12","Bahamas","6107","Valeur US$, aux prix de 2010","22014","Produit intérieur brut par habitant","2017","2017","","25705.041931","Fc","Donnée calculée",""
"MK","Indicateurs macro","13","Bahreïn","6107","Valeur US$, aux prix de 2010","22014","Produit intérieur brut par habitant","2017","2017","","22135.69845","Fc","Donnée calculée",""
"MK","Indicateurs macro","16","Bangladesh","6107","Valeur US$, aux prix de 2010","22014","Produit intérieur brut par habitant","2017","2017","","1085.736358","Fc","Donnée calculée",""
"MK","Indicateurs macro","14","Barbade","6107","Valeur US$, aux prix de 2010","22014","Produit intérieur brut par habitant","2017","2017","","15964.095719","Fc","Donnée calculée",""
"MK","Indicateurs macro","57","Bélarus","6107","Valeur US$, aux prix de 2010","22014","Produit intérieur brut par habitant","2017","2017","","6407.335358","Fc","Donnée calculée",""
"MK","Indicateurs macro","255","Belgique","6107","Valeur US$, aux prix de 2010","22014","Produit intérieur brut par habitant","2017","2017","","45979.435157","Fc","Donnée calculée",""
"MK","Indicateurs macro","23","Belize","6107","Valeur US$, aux prix de 2010","22014","Produit intérieur brut par habitant","2017","2017","","4298.006108","Fc","Donnée calculée",""
"MK","Indicateurs macro","53","Bénin","6107","Valeur US$, aux prix de 2010","22014","Produit intérieur brut par habitant","2017","2017","","898.477727","Fc","Donnée calculée",""
"MK","Indicateurs macro","17","Bermudes","6107","Valeur US$, aux prix de 2010","22014","Produit intérieur brut par habitant","2017","2017","","87522.142395","Fc","Donnée calculée",""
"MK","Indicateurs macro","18","Bhoutan","6107","Valeur US$, aux prix de 2010","22014","Produit intérieur brut par habitant","2017","2017","","2933.180546","Fc","Donnée calculée",""
"MK","Indicateurs macro","19","Bolivie (État plurinational de)","6107","Valeur US$, aux prix de 2010","22014","Produit intérieur brut par habitant","2017","2017","","2522.812252","Fc","Donnée calculée",""
"MK","Indicateurs macro","80","Bosnie-Herzégovine","6107","Valeur US$, aux prix de 2010","22014","Produit intérieur brut par habitant","2017","2017","","5560.832393","Fc","Donnée calculée",""
"MK","Indicateurs macro","20","Botswana","6107","Valeur US$, aux prix de 2010","22014","Produit intérieur brut par habitant","2017","2017","","7523.257927","Fc","Donnée calculée",""
"MK","Indicateurs macro","21","Brésil","6107","Valeur US$, aux prix de 2010","22014","Produit intérieur brut par habitant","2017","2017","","10862.213393","Fc","Donnée calculée",""
"MK","Indicateurs macro","26","Brunéi Darussalam","6107","Valeur US$, aux prix de 2010","22014","Produit intérieur brut par habitant","2017","2017","","31439.705274","Fc","Donnée calculée",""
"MK","Indicateurs macro","27","Bulgarie","6107","Valeur US$, aux prix de 2010","22014","Produit intérieur brut par habitant","2017","2017","","8321.061861","Fc","Donnée calculée",""
"MK","Indicateurs macro","233","Burkina Faso","6107","Valeur US$, aux prix de 2010","22014","Produit intérieur brut par habitant","2017","2017","","685.745354","Fc","Donnée calculée",""
"MK","Indicateurs macro","29","Burundi","6107","Valeur US$, aux prix de 2010","22014","Produit intérieur brut par habitant","2017","2017","","227.568516","Fc","Donnée calculée",""
"MK","Indicateurs macro","35","Cabo Verde","6107","Valeur US$, aux prix de 2010","22014","Produit intérieur brut par habitant","2017","2017","","3571.407107","Fc","Donnée calculée",""
"MK","Indicateurs macro","115","Cambodge","6107","Valeur US$, aux prix de 2010","22014","Produit intérieur brut par habitant","2017","2017","","1136.446777","Fc","Donnée calculée",""
"MK","Indicateurs macro","32","Cameroun","6107","Valeur US$, aux prix de 2010","22014","Produit intérieur brut par habitant","2017","2017","","1511.810233","Fc","Donnée calculée",""
"MK","Indicateurs macro","33","Canada","6107","Valeur US$, aux prix de 2010","22014","Produit intérieur brut par habitant","2017","2017","","51433.391851","Fc","Donnée calculée",""
"MK","Indicateurs macro","40","Chili","6107","Valeur US$, aux prix de 2010","22014","Produit intérieur brut par habitant","2017","2017","","15059.531124","Fc","Donnée calculée",""
"MK","Indicateurs macro","351","Chine","6107","Valeur US$, aux prix de 2010","22014","Produit intérieur brut par habitant","2017","2017","","7389.099404","Fc","Donnée calculée",""
"MK","Indicateurs macro","96","Chine - RAS de Hong-Kong","6107","Valeur US$, aux prix de 2010","22014","Produit intérieur brut par habitant","2017","2017","","38067.522234","Fc","Donnée calculée",""
"MK","Indicateurs macro","128","Chine - RAS de Macao","6107","Valeur US$, aux prix de 2010","22014","Produit intérieur brut par habitant","2017","2017","","55936.511322","Fc","Donnée calculée",""
"MK","Indicateurs macro","41","Chine, continentale","6107","Valeur US$, aux prix de 2010","22014","Produit intérieur brut par habitant","2017","2017","","7207.358468","Fc","Donnée calculée",""
"MK","Indicateurs macro","50","Chypre","6107","Valeur US$, aux prix de 2010","22014","Produit intérieur brut par habitant","2017","2017","","30183.266504","Fc","Donnée calculée",""
"MK","Indicateurs macro","44","Colombie","6107","Valeur US$, aux prix de 2010","22014","Produit intérieur brut par habitant","2017","2017","","7600.759","Fc","Donnée calculée",""
"MK","Indicateurs macro","45","Comores","6107","Valeur US$, aux prix de 2010","22014","Produit intérieur brut par habitant","2017","2017","","1559.350032","Fc","Donnée calculée",""
"MK","Indicateurs macro","46","Congo","6107","Valeur US$, aux prix de 2010","22014","Produit intérieur brut par habitant","2017","2017","","2520.154553","Fc","Donnée calculée",""
"MK","Indicateurs macro","48","Costa Rica","6107","Valeur US$, aux prix de 2010","22014","Produit intérieur brut par habitant","2017","2017","","9791.995668","Fc","Donnée calculée",""
"MK","Indicateurs macro","107","Côte d'Ivoire","6107","Valeur US$, aux prix de 2010","22014","Produit intérieur brut par habitant","2017","2017","","1625.49371","Fc","Donnée calculée",""
"MK","Indicateurs macro","98","Croatie","6107","Valeur US$, aux prix de 2010","22014","Produit intérieur brut par habitant","2017","2017","","15094.641727","Fc","Donnée calculée",""
"MK","Indicateurs macro","49","Cuba","6107","Valeur US$, aux prix de 2010","22014","Produit intérieur brut par habitant","2017","2017","","6580.294459","Fc","Donnée calculée",""
"MK","Indicateurs macro","279","Curaçao","6107","Valeur US$, aux prix de 2010","22014","Produit intérieur brut par habitant","2017","2017","","17673.865265","Fc","Donnée calculée",""
"MK","Indicateurs macro","54","Danemark","6107","Valeur US$, aux prix de 2010","22014","Produit intérieur brut par habitant","2017","2017","","62698.566122","Fc","Donnée calculée",""
"MK","Indicateurs macro","72","Djibouti","6107","Valeur US$, aux prix de 2010","22014","Produit intérieur brut par habitant","2017","2017","","1648.786318","Fc","Donnée calculée",""
"MK","Indicateurs macro","55","Dominique","6107","Valeur US$, aux prix de 2010","22014","Produit intérieur brut par habitant","2017","2017","","6208.426391","Fc","Donnée calculée",""
"MK","Indicateurs macro","59","Égypte","6107","Valeur US$, aux prix de 2010","22014","Produit intérieur brut par habitant","2017","2017","","2731.034652","Fc","Donnée calculée",""
"MK","Indicateurs macro","60","El Salvador","6107","Valeur US$, aux prix de 2010","22014","Produit intérieur brut par habitant","2017","2017","","3343.64521","Fc","Donnée calculée",""
"MK","Indicateurs macro","225","Émirats arabes unis","6107","Valeur US$, aux prix de 2010","22014","Produit intérieur brut par habitant","2017","2017","","41197.178798","Fc","Donnée calculée",""
"MK","Indicateurs macro","58","Équateur","6107","Valeur US$, aux prix de 2010","22014","Produit intérieur brut par habitant","2017","2017","","5269.600089","Fc","Donnée calculée",""
"MK","Indicateurs macro","178","Érythrée","6107","Valeur US$, aux prix de 2010","22014","Produit intérieur brut par habitant","2017","2017","","573.807152","Fc","Donnée calculée",""
"MK","Indicateurs macro","203","Espagne","6107","Valeur US$, aux prix de 2010","22014","Produit intérieur brut par habitant","2017","2017","","32569.690163","Fc","Donnée calculée",""
"MK","Indicateurs macro","63","Estonie","6107","Valeur US$, aux prix de 2010","22014","Produit intérieur brut par habitant","2017","2017","","19073.498628","Fc","Donnée calculée",""
"MK","Indicateurs macro","209","Eswatini","6107","Valeur US$, aux prix de 2010","22014","Produit intérieur brut par habitant","2017","2017","","3913.942562","Fc","Donnée calculée",""
"MK","Indicateurs macro","231","États-Unis d'Amérique","6107","Valeur US$, aux prix de 2010","22014","Produit intérieur brut par habitant","2017","2017","","53469.316622","Fc","Donnée calculée",""
"MK","Indicateurs macro","238","Éthiopie","6107","Valeur US$, aux prix de 2010","22014","Produit intérieur brut par habitant","2017","2017","","495.773654","Fc","Donnée calculée",""
"MK","Indicateurs macro","185","Fédération de Russie","6107","Valeur US$, aux prix de 2010","22014","Produit intérieur brut par habitant","2017","2017","","11705.377619","Fc","Donnée calculée",""
"MK","Indicateurs macro","66","Fidji","6107","Valeur US$, aux prix de 2010","22014","Produit intérieur brut par habitant","2017","2017","","4302.01494","Fc","Donnée calculée",""
"MK","Indicateurs macro","67","Finlande","6107","Valeur US$, aux prix de 2010","22014","Produit intérieur brut par habitant","2017","2017","","47188.111433","Fc","Donnée calculée",""
"MK","Indicateurs macro","68","France","6107","Valeur US$, aux prix de 2010","22014","Produit intérieur brut par habitant","2017","2017","","42761.085054","Fc","Donnée calculée",""
"MK","Indicateurs macro","74","Gabon","6107","Valeur US$, aux prix de 2010","22014","Produit intérieur brut par habitant","2017","2017","","9442.025872","Fc","Donnée calculée",""
"MK","Indicateurs macro","75","Gambie","6107","Valeur US$, aux prix de 2010","22014","Produit intérieur brut par habitant","2017","2017","","801.309729","Fc","Donnée calculée",""
"MK","Indicateurs macro","73","Géorgie","6107","Valeur US$, aux prix de 2010","22014","Produit intérieur brut par habitant","2017","2017","","4070.329668","Fc","Donnée calculée",""
"MK","Indicateurs macro","81","Ghana","6107","Valeur US$, aux prix de 2010","22014","Produit intérieur brut par habitant","2017","2017","","2323.727537","Fc","Donnée calculée",""
"MK","Indicateurs macro","84","Grèce","6107","Valeur US$, aux prix de 2010","22014","Produit intérieur brut par habitant","2017","2017","","22216.174392","Fc","Donnée calculée",""
"MK","Indicateurs macro","86","Grenade","6107","Valeur US$, aux prix de 2010","22014","Produit intérieur brut par habitant","2017","2017","","9077.233082","Fc","Donnée calculée",""
"MK","Indicateurs macro","85","Groenland","6107","Valeur US$, aux prix de 2010","22014","Produit intérieur brut par habitant","2017","2017","","48195.838663","Fc","Donnée calculée",""
"MK","Indicateurs macro","89","Guatemala","6107","Valeur US$, aux prix de 2010","22014","Produit intérieur brut par habitant","2017","2017","","3124.180798","Fc","Donnée calculée",""
"MK","Indicateurs macro","90","Guinée","6107","Valeur US$, aux prix de 2010","22014","Produit intérieur brut par habitant","2017","2017","","806.536048","Fc","Donnée calculée",""
"MK","Indicateurs macro","61","Guinée équatoriale","6107","Valeur US$, aux prix de 2010","22014","Produit intérieur brut par habitant","2017","2017","","11486.608711","Fc","Donnée calculée",""
"MK","Indicateurs macro","175","Guinée-Bissau","6107","Valeur US$, aux prix de 2010","22014","Produit intérieur brut par habitant","2017","2017","","603.501194","Fc","Donnée calculée",""
"MK","Indicateurs macro","91","Guyana","6107","Valeur US$, aux prix de 2010","22014","Produit intérieur brut par habitant","2017","2017","","3819.18604","Fc","Donnée calculée",""
"MK","Indicateurs macro","93","Haïti","6107","Valeur US$, aux prix de 2010","22014","Produit intérieur brut par habitant","2017","2017","","738.301745","Fc","Donnée calculée",""
"MK","Indicateurs macro","95","Honduras","6107","Valeur US$, aux prix de 2010","22014","Produit intérieur brut par habitant","2017","2017","","2210.58728","Fc","Donnée calculée",""
"MK","Indicateurs macro","97","Hongrie","6107","Valeur US$, aux prix de 2010","22014","Produit intérieur brut par habitant","2017","2017","","15802.913692","Fc","Donnée calculée",""
"MK","Indicateurs macro","36","Îles Caïmanes","6107","Valeur US$, aux prix de 2010","22014","Produit intérieur brut par habitant","2017","2017","","61552.889543","Fc","Donnée calculée",""
"MK","Indicateurs macro","47","Îles Cook","6107","Valeur US$, aux prix de 2010","22014","Produit intérieur brut par habitant","2017","2017","","18195.192736","Fc","Donnée calculée",""
"MK","Indicateurs macro","127","Îles Marshall","6107","Valeur US$, aux prix de 2010","22014","Produit intérieur brut par habitant","2017","2017","","3450.844939","Fc","Donnée calculée",""
"MK","Indicateurs macro","25","Îles Salomon","6107","Valeur US$, aux prix de 2010","22014","Produit intérieur brut par habitant","2017","2017","","1487.394648","Fc","Donnée calculée",""
"MK","Indicateurs macro","224","Îles Turques-et-Caïques","6107","Valeur US$, aux prix de 2010","22014","Produit intérieur brut par habitant","2017","2017","","24646.030578","Fc","Donnée calculée",""
"MK","Indicateurs macro","239","Îles Vierges britanniques","6107","Valeur US$, aux prix de 2010","22014","Produit intérieur brut par habitant","2017","2017","","28748.787614","Fc","Donnée calculée",""
"MK","Indicateurs macro","100","Inde","6107","Valeur US$, aux prix de 2010","22014","Produit intérieur brut par habitant","2017","2017","","1954.075371","Fc","Donnée calculée",""
"MK","Indicateurs macro","101","Indonésie","6107","Valeur US$, aux prix de 2010","22014","Produit intérieur brut par habitant","2017","2017","","4130.663261","Fc","Donnée calculée",""
"MK","Indicateurs macro","102","Iran (République islamique d')","6107","Valeur US$, aux prix de 2010","22014","Produit intérieur brut par habitant","2017","2017","","6967.734919","Fc","Donnée calculée",""
"MK","Indicateurs macro","103","Iraq","6107","Valeur US$, aux prix de 2010","22014","Produit intérieur brut par habitant","2017","2017","","5512.538709","Fc","Donnée calculée",""
"MK","Indicateurs macro","104","Irlande","6107","Valeur US$, aux prix de 2010","22014","Produit intérieur brut par habitant","2017","2017","","75307.543338","Fc","Donnée calculée",""
"MK","Indicateurs macro","99","Islande","6107","Valeur US$, aux prix de 2010","22014","Produit intérieur brut par habitant","2017","2017","","52255.084304","Fc","Donnée calculée",""
"MK","Indicateurs macro","105","Israël","6107","Valeur US$, aux prix de 2010","22014","Produit intérieur brut par habitant","2017","2017","","36108.555023","Fc","Donnée calculée",""
"MK","Indicateurs macro","106","Italie","6107","Valeur US$, aux prix de 2010","22014","Produit intérieur brut par habitant","2017","2017","","35693.77893","Fc","Donnée calculée",""
"MK","Indicateurs macro","109","Jamaïque","6107","Valeur US$, aux prix de 2010","22014","Produit intérieur brut par habitant","2017","2017","","4834.113605","Fc","Donnée calculée",""
"MK","Indicateurs macro","110","Japon","6107","Valeur US$, aux prix de 2010","22014","Produit intérieur brut par habitant","2017","2017","","48301.253056","Fc","Donnée calculée",""
"MK","Indicateurs macro","112","Jordanie","6107","Valeur US$, aux prix de 2010","22014","Produit intérieur brut par habitant","2017","2017","","3246.191922","Fc","Donnée calculée",""
"MK","Indicateurs macro","108","Kazakhstan","6107","Valeur US$, aux prix de 2010","22014","Produit intérieur brut par habitant","2017","2017","","10898.410816","Fc","Donnée calculée",""
"MK","Indicateurs macro","114","Kenya","6107","Valeur US$, aux prix de 2010","22014","Produit intérieur brut par habitant","2017","2017","","1169.368668","Fc","Donnée calculée",""
"MK","Indicateurs macro","113","Kirghizistan","6107","Valeur US$, aux prix de 2010","22014","Produit intérieur brut par habitant","2017","2017","","1098.013915","Fc","Donnée calculée",""
"MK","Indicateurs macro","83","Kiribati","6107","Valeur US$, aux prix de 2010","22014","Produit intérieur brut par habitant","2017","2017","","1700.006902","Fc","Donnée calculée",""
"MK","Indicateurs macro","118","Koweït","6107","Valeur US$, aux prix de 2010","22014","Produit intérieur brut par habitant","2017","2017","","33132.521455","Fc","Donnée calculée",""
"MK","Indicateurs macro","122","Lesotho","6107","Valeur US$, aux prix de 2010","22014","Produit intérieur brut par habitant","2017","2017","","1313.751575","Fc","Donnée calculée",""
"MK","Indicateurs macro","119","Lettonie","6107","Valeur US$, aux prix de 2010","22014","Produit intérieur brut par habitant","2017","2017","","15478.160979","Fc","Donnée calculée",""
"MK","Indicateurs macro","121","Liban","6107","Valeur US$, aux prix de 2010","22014","Produit intérieur brut par habitant","2017","2017","","7023.387438","Fc","Donnée calculée",""
"MK","Indicateurs macro","123","Libéria","6107","Valeur US$, aux prix de 2010","22014","Produit intérieur brut par habitant","2017","2017","","403.20919","Fc","Donnée calculée",""
"MK","Indicateurs macro","124","Libye","6107","Valeur US$, aux prix de 2010","22014","Produit intérieur brut par habitant","2017","2017","","1979.878239","Fc","Donnée calculée",""
"MK","Indicateurs macro","125","Liechtenstein","6107","Valeur US$, aux prix de 2010","22014","Produit intérieur brut par habitant","2017","2017","","159521.279373","Fc","Donnée calculée",""
"MK","Indicateurs macro","126","Lituanie","6107","Valeur US$, aux prix de 2010","22014","Produit intérieur brut par habitant","2017","2017","","16482.292064","Fc","Donnée calculée",""
"MK","Indicateurs macro","256","Luxembourg","6107","Valeur US$, aux prix de 2010","22014","Produit intérieur brut par habitant","2017","2017","","108872.316501","Fc","Donnée calculée",""
"MK","Indicateurs macro","154","Macédoine du Nord","6107","Valeur US$, aux prix de 2010","22014","Produit intérieur brut par habitant","2017","2017","","5253.773618","Fc","Donnée calculée",""
"MK","Indicateurs macro","129","Madagascar","6107","Valeur US$, aux prix de 2010","22014","Produit intérieur brut par habitant","2017","2017","","480.052609","Fc","Donnée calculée",""
"MK","Indicateurs macro","131","Malaisie","6107","Valeur US$, aux prix de 2010","22014","Produit intérieur brut par habitant","2017","2017","","11528.343691","Fc","Donnée calculée",""
"MK","Indicateurs macro","130","Malawi","6107","Valeur US$, aux prix de 2010","22014","Produit intérieur brut par habitant","2017","2017","","489.845133","Fc","Donnée calculée",""
"MK","Indicateurs macro","132","Maldives","6107","Valeur US$, aux prix de 2010","22014","Produit intérieur brut par habitant","2017","2017","","8971.128507","Fc","Donnée calculée",""
"MK","Indicateurs macro","133","Mali","6107","Valeur US$, aux prix de 2010","22014","Produit intérieur brut par habitant","2017","2017","","996.356168","Fc","Donnée calculée",""
"MK","Indicateurs macro","134","Malte","6107","Valeur US$, aux prix de 2010","22014","Produit intérieur brut par habitant","2017","2017","","29367.679409","Fc","Donnée calculée",""
"MK","Indicateurs macro","143","Maroc","6107","Valeur US$, aux prix de 2010","22014","Produit intérieur brut par habitant","2017","2017","","3541.189589","Fc","Donnée calculée",""
"MK","Indicateurs macro","137","Maurice","6107","Valeur US$, aux prix de 2010","22014","Produit intérieur brut par habitant","2017","2017","","10201.201098","Fc","Donnée calculée",""
"MK","Indicateurs macro","136","Mauritanie","6107","Valeur US$, aux prix de 2010","22014","Produit intérieur brut par habitant","2017","2017","","1293.094215","Fc","Donnée calculée",""
"MK","Indicateurs macro","138","Mexique","6107","Valeur US$, aux prix de 2010","22014","Produit intérieur brut par habitant","2017","2017","","9947.908129","Fc","Donnée calculée",""
"MK","Indicateurs macro","145","Micronésie (États fédérés de)","6107","Valeur US$, aux prix de 2010","22014","Produit intérieur brut par habitant","2017","2017","","2863.337716","Fc","Donnée calculée",""
"MK","Indicateurs macro","140","Monaco","6107","Valeur US$, aux prix de 2010","22014","Produit intérieur brut par habitant","2017","2017","","190608.278964","Fc","Donnée calculée",""
"MK","Indicateurs macro","141","Mongolie","6107","Valeur US$, aux prix de 2010","22014","Produit intérieur brut par habitant","2017","2017","","4036.919527","Fc","Donnée calculée",""
"MK","Indicateurs macro","273","Monténégro","6107","Valeur US$, aux prix de 2010","22014","Produit intérieur brut par habitant","2017","2017","","7762.767462","Fc","Donnée calculée",""
"MK","Indicateurs macro","142","Montserrat","6107","Valeur US$, aux prix de 2010","22014","Produit intérieur brut par habitant","2017","2017","","12071.915588","Fc","Donnée calculée",""
"MK","Indicateurs macro","144","Mozambique","6107","Valeur US$, aux prix de 2010","22014","Produit intérieur brut par habitant","2017","2017","","519.093603","Fc","Donnée calculée",""
"MK","Indicateurs macro","28","Myanmar","6107","Valeur US$, aux prix de 2010","22014","Produit intérieur brut par habitant","2017","2017","","1247.408501","Fc","Donnée calculée",""
"MK","Indicateurs macro","147","Namibie","6107","Valeur US$, aux prix de 2010","22014","Produit intérieur brut par habitant","2017","2017","","5854.837473","Fc","Donnée calculée",""
"MK","Indicateurs macro","148","Nauru","6107","Valeur US$, aux prix de 2010","22014","Produit intérieur brut par habitant","2017","2017","","16332.512127","Fc","Donnée calculée",""
"MK","Indicateurs macro","149","Népal","6107","Valeur US$, aux prix de 2010","22014","Produit intérieur brut par habitant","2017","2017","","741.06071","Fc","Donnée calculée",""
"MK","Indicateurs macro","157","Nicaragua","6107","Valeur US$, aux prix de 2010","22014","Produit intérieur brut par habitant","2017","2017","","2016.315354","Fc","Donnée calculée",""
"MK","Indicateurs macro","158","Niger","6107","Valeur US$, aux prix de 2010","22014","Produit intérieur brut par habitant","2017","2017","","395.937224","Fc","Donnée calculée",""
"MK","Indicateurs macro","159","Nigéria","6107","Valeur US$, aux prix de 2010","22014","Produit intérieur brut par habitant","2017","2017","","2412.409598","Fc","Donnée calculée",""
"MK","Indicateurs macro","162","Norvège","6107","Valeur US$, aux prix de 2010","22014","Produit intérieur brut par habitant","2017","2017","","90961.547973","Fc","Donnée calculée",""
"MK","Indicateurs macro","153","Nouvelle-Calédonie","6107","Valeur US$, aux prix de 2010","22014","Produit intérieur brut par habitant","2017","2017","","41476.396","Fc","Donnée calculée",""
"MK","Indicateurs macro","156","Nouvelle-Zélande","6107","Valeur US$, aux prix de 2010","22014","Produit intérieur brut par habitant","2017","2017","","38565.36232","Fc","Donnée calculée",""
"MK","Indicateurs macro","221","Oman","6107","Valeur US$, aux prix de 2010","22014","Produit intérieur brut par habitant","2017","2017","","15977.205555","Fc","Donnée calculée",""
"MK","Indicateurs macro","226","Ouganda","6107","Valeur US$, aux prix de 2010","22014","Produit intérieur brut par habitant","2017","2017","","625.538583","Fc","Donnée calculée",""
"MK","Indicateurs macro","235","Ouzbékistan","6107","Valeur US$, aux prix de 2010","22014","Produit intérieur brut par habitant","2017","2017","","2039.850719","Fc","Donnée calculée",""
"MK","Indicateurs macro","165","Pakistan","6107","Valeur US$, aux prix de 2010","22014","Produit intérieur brut par habitant","2017","2017","","1201.670262","Fc","Donnée calculée",""
"MK","Indicateurs macro","180","Palaos","6107","Valeur US$, aux prix de 2010","22014","Produit intérieur brut par habitant","2017","2017","","9983.239505","Fc","Donnée calculée",""
"MK","Indicateurs macro","299","Palestine","6107","Valeur US$, aux prix de 2010","22014","Produit intérieur brut par habitant","2017","2017","","2466.453199","Fc","Donnée calculée",""
"MK","Indicateurs macro","166","Panama","6107","Valeur US$, aux prix de 2010","22014","Produit intérieur brut par habitant","2017","2017","","11513.277687","Fc","Donnée calculée",""
"MK","Indicateurs macro","168","Papouasie-Nouvelle-Guinée","6107","Valeur US$, aux prix de 2010","22014","Produit intérieur brut par habitant","2017","2017","","2226.772131","Fc","Donnée calculée",""
"MK","Indicateurs macro","169","Paraguay","6107","Valeur US$, aux prix de 2010","22014","Produit intérieur brut par habitant","2017","2017","","4045.252596","Fc","Donnée calculée",""
"MK","Indicateurs macro","150","Pays-Bas","6107","Valeur US$, aux prix de 2010","22014","Produit intérieur brut par habitant","2017","2017","","54557.847961","Fc","Donnée calculée",""
"MK","Indicateurs macro","170","Pérou","6107","Valeur US$, aux prix de 2010","22014","Produit intérieur brut par habitant","2017","2017","","6172.638967","Fc","Donnée calculée",""
"MK","Indicateurs macro","171","Philippines","6107","Valeur US$, aux prix de 2010","22014","Produit intérieur brut par habitant","2017","2017","","2891.361186","Fc","Donnée calculée",""
"MK","Indicateurs macro","173","Pologne","6107","Valeur US$, aux prix de 2010","22014","Produit intérieur brut par habitant","2017","2017","","15743.915267","Fc","Donnée calculée",""
"MK","Indicateurs macro","70","Polynésie française","6107","Valeur US$, aux prix de 2010","22014","Produit intérieur brut par habitant","2017","2017","","21950.075783","Fc","Donnée calculée",""
"MK","Indicateurs macro","177","Porto Rico","6107","Valeur US$, aux prix de 2010","22014","Produit intérieur brut par habitant","2017","2017","","25133.367855","Fc","Donnée calculée",""
"MK","Indicateurs macro","174","Portugal","6107","Valeur US$, aux prix de 2010","22014","Produit intérieur brut par habitant","2017","2017","","21682.659918","Fc","Donnée calculée",""
"MK","Indicateurs macro","179","Qatar","6107","Valeur US$, aux prix de 2010","22014","Produit intérieur brut par habitant","2017","2017","","65491.286475","Fc","Donnée calculée",""
"MK","Indicateurs macro","212","République arabe syrienne","6107","Valeur US$, aux prix de 2010","22014","Produit intérieur brut par habitant","2017","2017","","1472.331101","Fc","Donnée calculée",""
"MK","Indicateurs macro","37","République centrafricaine","6107","Valeur US$, aux prix de 2010","22014","Produit intérieur brut par habitant","2017","2017","","335.043229","Fc","Donnée calculée",""
"MK","Indicateurs macro","117","République de Corée","6107","Valeur US$, aux prix de 2010","22014","Produit intérieur brut par habitant","2017","2017","","26400.299903","Fc","Donnée calculée",""
"MK","Indicateurs macro","146","République de Moldova","6107","Valeur US$, aux prix de 2010","22014","Produit intérieur brut par habitant","2017","2017","","1896.045622","Fc","Donnée calculée",""
"MK","Indicateurs macro","250","République démocratique du Congo","6107","Valeur US$, aux prix de 2010","22014","Produit intérieur brut par habitant","2017","2017","","409.11781","Fc","Donnée calculée",""
"MK","Indicateurs macro","120","République démocratique populaire lao","6107","Valeur US$, aux prix de 2010","22014","Produit intérieur brut par habitant","2017","2017","","1773.402216","Fc","Donnée calculée",""
"MK","Indicateurs macro","56","République dominicaine","6107","Valeur US$, aux prix de 2010","22014","Produit intérieur brut par habitant","2017","2017","","7043.983979","Fc","Donnée calculée",""
"MK","Indicateurs macro","116","République populaire démocratique de Corée","6107","Valeur US$, aux prix de 2010","22014","Produit intérieur brut par habitant","2017","2017","","568.229433","Fc","Donnée calculée",""
"MK","Indicateurs macro","215","République-Unie de Tanzanie","6107","Valeur US$, aux prix de 2010","22014","Produit intérieur brut par habitant","2017","2017","","886.655275","Fc","Donnée calculée",""
"MK","Indicateurs macro","183","Roumanie","6107","Valeur US$, aux prix de 2010","22014","Produit intérieur brut par habitant","2017","2017","","10880.780186","Fc","Donnée calculée",""
"MK","Indicateurs macro","229","Royaume-Uni de Grande-Bretagne et d'Irlande du Nord","6107","Valeur US$, aux prix de 2010","22014","Produit intérieur brut par habitant","2017","2017","","42556.258248","Fc","Donnée calculée",""
"MK","Indicateurs macro","184","Rwanda","6107","Valeur US$, aux prix de 2010","22014","Produit intérieur brut par habitant","2017","2017","","765.190326","Fc","Donnée calculée",""
"MK","Indicateurs macro","189","Sainte-Lucie","6107","Valeur US$, aux prix de 2010","22014","Produit intérieur brut par habitant","2017","2017","","8565.344579","Fc","Donnée calculée",""
"MK","Indicateurs macro","188","Saint-Kitts-et-Nevis","6107","Valeur US$, aux prix de 2010","22014","Produit intérieur brut par habitant","2017","2017","","15695.181016","Fc","Donnée calculée",""
"MK","Indicateurs macro","192","Saint-Marin","6107","Valeur US$, aux prix de 2010","22014","Produit intérieur brut par habitant","2017","2017","","53899.620659","Fc","Donnée calculée",""
"MK","Indicateurs macro","191","Saint-Vincent-et-les Grenadines","6107","Valeur US$, aux prix de 2010","22014","Produit intérieur brut par habitant","2017","2017","","6679.595209","Fc","Donnée calculée",""
"MK","Indicateurs macro","244","Samoa","6107","Valeur US$, aux prix de 2010","22014","Produit intérieur brut par habitant","2017","2017","","3914.377588","Fc","Donnée calculée",""
"MK","Indicateurs macro","193","Sao Tomé-et-Principe","6107","Valeur US$, aux prix de 2010","22014","Produit intérieur brut par habitant","2017","2017","","1305.62157","Fc","Donnée calculée",""
"MK","Indicateurs macro","195","Sénégal","6107","Valeur US$, aux prix de 2010","22014","Produit intérieur brut par habitant","2017","2017","","1454.926028","Fc","Donnée calculée",""
"MK","Indicateurs macro","272","Serbie","6107","Valeur US$, aux prix de 2010","22014","Produit intérieur brut par habitant","2017","2017","","5992.363574","Fc","Donnée calculée",""
"MK","Indicateurs macro","196","Seychelles","6107","Valeur US$, aux prix de 2010","22014","Produit intérieur brut par habitant","2017","2017","","14442.848294","Fc","Donnée calculée",""
"MK","Indicateurs macro","197","Sierra Leone","6107","Valeur US$, aux prix de 2010","22014","Produit intérieur brut par habitant","2017","2017","","462.689544","Fc","Donnée calculée",""
"MK","Indicateurs macro","200","Singapour","6107","Valeur US$, aux prix de 2010","22014","Produit intérieur brut par habitant","2017","2017","","54300.621685","Fc","Donnée calculée",""
"MK","Indicateurs macro","280","Sint Maarten (partie néerlandaise)","6107","Valeur US$, aux prix de 2010","22014","Produit intérieur brut par habitant","2017","2017","","21604.941307","Fc","Donnée calculée",""
"MK","Indicateurs macro","199","Slovaquie","6107","Valeur US$, aux prix de 2010","22014","Produit intérieur brut par habitant","2017","2017","","19851.717285","Fc","Donnée calculée",""
"MK","Indicateurs macro","198","Slovénie","6107","Valeur US$, aux prix de 2010","22014","Produit intérieur brut par habitant","2017","2017","","25454.621343","Fc","Donnée calculée",""
"MK","Indicateurs macro","201","Somalie","6107","Valeur US$, aux prix de 2010","22014","Produit intérieur brut par habitant","2017","2017","","88.936884","Fc","Donnée calculée",""
"MK","Indicateurs macro","276","Soudan","6107","Valeur US$, aux prix de 2010","22014","Produit intérieur brut par habitant","2017","2017","","1520.117428","Fc","Donnée calculée",""
"MK","Indicateurs macro","277","Soudan du Sud","6107","Valeur US$, aux prix de 2010","22014","Produit intérieur brut par habitant","2017","2017","","1014.265219","Fc","Donnée calculée",""
"MK","Indicateurs macro","38","Sri Lanka","6107","Valeur US$, aux prix de 2010","22014","Produit intérieur brut par habitant","2017","2017","","3954.019506","Fc","Donnée calculée",""
"MK","Indicateurs macro","210","Suède","6107","Valeur US$, aux prix de 2010","22014","Produit intérieur brut par habitant","2017","2017","","57450.343138","Fc","Donnée calculée",""
"MK","Indicateurs macro","211","Suisse","6107","Valeur US$, aux prix de 2010","22014","Produit intérieur brut par habitant","2017","2017","","77231.166421","Fc","Donnée calculée",""
"MK","Indicateurs macro","207","Suriname","6107","Valeur US$, aux prix de 2010","22014","Produit intérieur brut par habitant","2017","2017","","7979.66111","Fc","Donnée calculée",""
"MK","Indicateurs macro","208","Tadjikistan","6107","Valeur US$, aux prix de 2010","22014","Produit intérieur brut par habitant","2017","2017","","968.839919","Fc","Donnée calculée",""
"MK","Indicateurs macro","39","Tchad","6107","Valeur US$, aux prix de 2010","22014","Produit intérieur brut par habitant","2017","2017","","828.621025","Fc","Donnée calculée",""
"MK","Indicateurs macro","167","Tchéquie","6107","Valeur US$, aux prix de 2010","22014","Produit intérieur brut par habitant","2017","2017","","22689.033933","Fc","Donnée calculée",""
"MK","Indicateurs macro","216","Thaïlande","6107","Valeur US$, aux prix de 2010","22014","Produit intérieur brut par habitant","2017","2017","","6126.243289","Fc","Donnée calculée",""
"MK","Indicateurs macro","176","Timor-Leste","6107","Valeur US$, aux prix de 2010","22014","Produit intérieur brut par habitant","2017","2017","","2672.097096","Fc","Donnée calculée",""
"MK","Indicateurs macro","217","Togo","6107","Valeur US$, aux prix de 2010","22014","Produit intérieur brut par habitant","2017","2017","","652.347046","Fc","Donnée calculée",""
"MK","Indicateurs macro","219","Tonga","6107","Valeur US$, aux prix de 2010","22014","Produit intérieur brut par habitant","2017","2017","","3907.830787","Fc","Donnée calculée",""
"MK","Indicateurs macro","220","Trinité-et-Tobago","6107","Valeur US$, aux prix de 2010","22014","Produit intérieur brut par habitant","2017","2017","","15284.095749","Fc","Donnée calculée",""
"MK","Indicateurs macro","222","Tunisie","6107","Valeur US$, aux prix de 2010","22014","Produit intérieur brut par habitant","2017","2017","","4249.734103","Fc","Donnée calculée",""
"MK","Indicateurs macro","213","Turkménistan","6107","Valeur US$, aux prix de 2010","22014","Produit intérieur brut par habitant","2017","2017","","7310.826815","Fc","Donnée calculée",""
"MK","Indicateurs macro","223","Turquie","6107","Valeur US$, aux prix de 2010","22014","Produit intérieur brut par habitant","2017","2017","","14935.916679","Fc","Donnée calculée",""
"MK","Indicateurs macro","227","Tuvalu","6107","Valeur US$, aux prix de 2010","22014","Produit intérieur brut par habitant","2017","2017","","3768.735994","Fc","Donnée calculée",""
"MK","Indicateurs macro","230","Ukraine","6107","Valeur US$, aux prix de 2010","22014","Produit intérieur brut par habitant","2017","2017","","2878.500992","Fc","Donnée calculée",""
"MK","Indicateurs macro","234","Uruguay","6107","Valeur US$, aux prix de 2010","22014","Produit intérieur brut par habitant","2017","2017","","14362.588203","Fc","Donnée calculée",""
"MK","Indicateurs macro","155","Vanuatu","6107","Valeur US$, aux prix de 2010","22014","Produit intérieur brut par habitant","2017","2017","","2923.401974","Fc","Donnée calculée",""
"MK","Indicateurs macro","236","Venezuela (République bolivarienne du)","6107","Valeur US$, aux prix de 2010","22014","Produit intérieur brut par habitant","2017","2017","","8892.951215","Fc","Donnée calculée",""
"MK","Indicateurs macro","237","Viet Nam","6107","Valeur US$, aux prix de 2010","22014","Produit intérieur brut par habitant","2017","2017","","1834.651389","Fc","Donnée calculée",""
"MK","Indicateurs macro","249","Yémen","6107","Valeur US$, aux prix de 2010","22014","Produit intérieur brut par habitant","2017","2017","","490.893541","Fc","Donnée calculée",""
"MK","Indicateurs macro","251","Zambie","6107","Valeur US$, aux prix de 2010","22014","Produit intérieur brut par habitant","2017","2017","","1637.388806","Fc","Donnée calculée",""
"MK","Indicateurs macro","181","Zimbabwe","6107","Valeur US$, aux prix de 2010","22014","Produit intérieur brut par habitant","2017","2017","","923.448592","Fc","Donnée calculée",""
